First Name,Last Name,Email,Gender,Phone,Address,Country,Location,Main Subject,Number of Absences,Region of Origin,Division of Origin,Sub Division of Origin,Date of Recruitment into Public Service,Corps,Career Grade,Payroll Grade,Career Category,Payroll Category Solde,Career Index,Payroll Index,Career Echelon,Payroll Echelon,Service,Appointed Structure,Town,Position Rank,Longevity of Post,Longevity in Administration,Reference of the Appointment Decision,Indemnity Situation,Remark
John,Doe,john.doe@example.com,Male,+123456789,1234 Elm Street,USA,New York,Mathematics,0,New York,New York County,Sub Division 1,2020-01-01,Teaching,Grade 1,Grade 1,Category A,Solde A,100,100,Echelon 1,Echelon 1,Service A,Structure 1,New York,Rank 1,5,10,Ref-1234,Indemnity A,Good teacher
Jane,Smith,jane.smith@example.com,Female,+987654321,5678 Oak Street,USA,Los Angeles,Physics,1,California,Los Angeles County,Sub Division 2,2018-06-15,Teaching,Grade 2,Grade 2,Category B,Solde B,101,101,Echelon 2,Echelon 2,Service B,Structure 2,Los Angeles,Rank 2,6,12,Ref-5678,Indemnity B,Experienced
Michael,Johnson,michael.johnson@example.com,Male,+135792468,91011 Pine Street,USA,Chicago,Chemistry,2,Illinois,Cook County,Sub Division 3,2019-03-10,Teaching,Grade 3,Grade 3,Category C,Solde C,102,102,Echelon 3,Echelon 3,Service C,Structure 3,Chicago,Rank 3,7,14,Ref-91011,Indemnity C,New recruit
Emily,Davis,emily.davis@example.com,Female,+246801357,1213 Cedar Street,USA,Houston,Biology,3,Texas,Harris County,Sub Division 4,2017-09-25,Teaching,Grade 1,Grade 1,Category A,Solde A,103,103,Echelon 1,Echelon 1,Service A,Structure 4,Houston,Rank 1,8,16,Ref-1213,Indemnity A,Great feedback
William,Brown,william.brown@example.com,Male,+159753486,1415 Birch Street,USA,Phoenix,English,4,Arizona,Maricopa County,Sub Division 5,2021-11-05,Teaching,Grade 2,Grade 2,Category B,Solde B,104,104,Echelon 2,Echelon 2,Service B,Structure 5,Phoenix,Rank 2,9,18,Ref-1415,Indemnity B,Top performer
Olivia,Wilson,olivia.wilson@example.com,Female,+852963741,1617 Spruce Street,USA,Philadelphia,History,5,Pennsylvania,Philadelphia County,Sub Division 6,2016-04-30,Teaching,Grade 3,Grade 3,Category C,Solde C,105,105,Echelon 3,Echelon 3,Service C,Structure 6,Philadelphia,Rank 3,10,20,Ref-1617,Indemnity C,Well-liked
James,Taylor,james.taylor@example.com,Male,+753159846,1819 Walnut Street,USA,San Antonio,Geography,6,Texas,Bexar County,Sub Division 7,2015-08-20,Teaching,Grade 1,Grade 1,Category A,Solde A,106,106,Echelon 1,Echelon 1,Service A,Structure 7,San Antonio,Rank 1,11,22,Ref-1819,Indemnity A,Team player
Isabella,Anderson,isabella.anderson@example.com,Female,+951357852,2021 Maple Street,USA,San Diego,Art,7,California,San Diego County,Sub Division 8,2019-12-11,Teaching,Grade 2,Grade 2,Category B,Solde B,107,107,Echelon 2,Echelon 2,Service B,Structure 8,San Diego,Rank 2,12,24,Ref-2021,Indemnity B,Creative
Alexander,Thomas,alexander.thomas@example.com,Male,+159248753,2223 Cedar Avenue,USA,Dallas,Music,8,Texas,Dallas County,Sub Division 9,2018-02-14,Teaching,Grade 3,Grade 3,Category C,Solde C,108,108,Echelon 3,Echelon 3,Service C,Structure 9,Dallas,Rank 3,13,26,Ref-2223,Indemnity C,Enthusiastic
Sophia,Martinez,sophia.martinez@example.com,Female,+753486159,2425 Willow Street,USA,San Jose,Physical Education,9,California,Santa Clara County,Sub Division 10,2017-07-19,Teaching,Grade 1,Grade 1,Category A,Solde A,109,109,Echelon 1,Echelon 1,Service A,Structure 10,San Jose,Rank 1,14,28,Ref-2425,Indemnity A,Active
